{"backend": "sglang", "dataset_name": "random-ids", "request_rate": Infinity, "max_concurrency": 185, "sharegpt_output_len": null, "random_input_len": 200, "random_output_len": 200, "random_range_ratio": 0.9, "duration": 11.173129967413843, "completed": 80, "total_input_tokens": 15989, "total_output_tokens": 16027, "total_output_tokens_retokenized": 16024, "request_throughput": 7.1600348544515295, "input_throughput": 1431.022466097819, "output_throughput": 1434.4234826536833, "mean_e2e_latency_ms": 6907.31474471977, "median_e2e_latency_ms": 7262.093665078282, "std_e2e_latency_ms": 2910.3798760930654, "p99_e2e_latency_ms": 11131.399347800761, "mean_ttft_ms": 735.3558483533561, "median_ttft_ms": 638.3165139704943, "std_ttft_ms": 144.53694988427216, "p90_ttft_ms": 929.5787733979523, "p99_ttft_ms": 936.1300254054366, "mean_tpot_ms": 32.171552536374676, "median_tpot_ms": 31.886767681345713, "std_tpot_ms": 2.860996067096193, "p90_tpot_ms": 35.74793235403605, "p99_tpot_ms": 40.91564637801741, "mean_itl_ms": 30.966212381321125, "median_itl_ms": 31.170034781098366, "std_itl_ms": 15.559165066364697, "p95_itl_ms": 33.93394351005554, "p90_itl_ms": 33.50952994078398, "p99_itl_ms": 34.43842627108097, "concurrency": 49.456614322860524, "accept_length": null}
{"backend": "sglang", "dataset_name": "random-ids", "request_rate": Infinity, "max_concurrency": 185, "sharegpt_output_len": null, "random_input_len": 200, "random_output_len": 3000, "random_range_ratio": 0.9, "duration": 178.55076430924237, "completed": 80, "total_input_tokens": 15989, "total_output_tokens": 227184, "total_output_tokens_retokenized": 227104, "request_throughput": 0.44805184850087443, "input_throughput": 89.54876257100602, "output_throughput": 1272.3776393727833, "mean_e2e_latency_ms": 101258.8958457578, "median_e2e_latency_ms": 95264.50728718191, "std_e2e_latency_ms": 52868.4880139741, "p99_e2e_latency_ms": 177935.4674999509, "mean_ttft_ms": 1556.6699860384688, "median_ttft_ms": 669.1796467639506, "std_ttft_ms": 2969.940863586241, "p90_ttft_ms": 895.1958440244204, "p99_ttft_ms": 11981.117798667401, "mean_tpot_ms": 35.90467479410844, "median_tpot_ms": 36.45264551974911, "std_tpot_ms": 1.826678646514938, "p90_tpot_ms": 37.768756331265344, "p99_tpot_ms": 37.85947155716704, "mean_itl_ms": 35.12187391727464, "median_itl_ms": 36.68486559763551, "std_itl_ms": 5.296876875922372, "p95_itl_ms": 39.33071997016668, "p90_itl_ms": 38.948907144367695, "p99_itl_ms": 40.03954309038818, "concurrency": 45.369235460849296, "accept_length": null}
{"backend": "sglang", "dataset_name": "random-ids", "request_rate": Infinity, "max_concurrency": 185, "sharegpt_output_len": null, "random_input_len": 1000, "random_output_len": 3000, "random_range_ratio": 0.9, "duration": 173.47223200742155, "completed": 80, "total_input_tokens": 84324, "total_output_tokens": 218780, "total_output_tokens_retokenized": 217028, "request_throughput": 0.46116890913456055, "input_throughput": 486.09508867328356, "output_throughput": 1261.1816742557396, "mean_e2e_latency_ms": 99270.53288782481, "median_e2e_latency_ms": 101706.89395954832, "std_e2e_latency_ms": 48316.88913899891, "p99_e2e_latency_ms": 173429.11091742106, "mean_ttft_ms": 6993.834877980407, "median_ttft_ms": 2512.5796268694103, "std_ttft_ms": 7141.860630246407, "p90_ttft_ms": 16088.973052054662, "p99_ttft_ms": 21498.429593276232, "mean_tpot_ms": 34.78083090737002, "median_tpot_ms": 35.422952389675004, "std_tpot_ms": 2.2263856660533743, "p90_tpot_ms": 36.99341657952387, "p99_tpot_ms": 38.917090319840355, "mean_itl_ms": 33.75507317166388, "median_itl_ms": 34.10872910171747, "std_itl_ms": 70.36633748060693, "p95_itl_ms": 37.3678594827652, "p90_itl_ms": 37.05664947628975, "p99_itl_ms": 38.02804805338383, "concurrency": 45.780483361084684, "accept_length": null}
{"backend": "sglang", "dataset_name": "random-ids", "request_rate": Infinity, "max_concurrency": 185, "sharegpt_output_len": null, "random_input_len": 3000, "random_output_len": 3000, "random_range_ratio": 0.9, "duration": 267.74544950574636, "completed": 80, "total_input_tokens": 233024, "total_output_tokens": 221258, "total_output_tokens_retokenized": 220829, "request_throughput": 0.2987912591891988, "input_throughput": 870.3191797662982, "output_throughput": 826.3744553210469, "mean_e2e_latency_ms": 145241.18685860885, "median_e2e_latency_ms": 155044.9117948301, "std_e2e_latency_ms": 70935.6270922529, "p99_e2e_latency_ms": 265535.50437339576, "mean_ttft_ms": 64937.06751444843, "median_ttft_ms": 51278.06648751721, "std_ttft_ms": 61968.35411681778, "p90_ttft_ms": 151480.0941907801, "p99_ttft_ms": 160392.29634379968, "mean_tpot_ms": 30.67798173885466, "median_tpot_ms": 28.98293884538444, "std_tpot_ms": 15.879492449995148, "p90_tpot_ms": 31.28395778228144, "p99_tpot_ms": 76.36318392018086, "mean_itl_ms": 29.11019555540614, "median_itl_ms": 27.56487810984254, "std_itl_ms": 293.08311170603247, "p95_itl_ms": 30.66019979305565, "p90_itl_ms": 29.87643163651228, "p99_itl_ms": 31.77636477164923, "concurrency": 43.39679710761745, "accept_length": null}
{"backend": "sglang", "dataset_name": "random-ids", "request_rate": Infinity, "max_concurrency": 185, "sharegpt_output_len": null, "random_input_len": 200, "random_output_len": 1000, "random_range_ratio": 0.9, "duration": 53.156060070730746, "completed": 80, "total_input_tokens": 15989, "total_output_tokens": 82586, "total_output_tokens_retokenized": 82148, "request_throughput": 1.505002437982613, "input_throughput": 300.79354976129997, "output_throughput": 1553.6516417904008, "mean_e2e_latency_ms": 32143.339752370957, "median_e2e_latency_ms": 32731.79423995316, "std_e2e_latency_ms": 15038.136156197867, "p99_e2e_latency_ms": 53134.8509227857, "mean_ttft_ms": 743.3292912435718, "median_ttft_ms": 671.8418896198273, "std_ttft_ms": 128.07286306121193, "p90_ttft_ms": 893.2948514819147, "p99_ttft_ms": 926.6767463833093, "mean_tpot_ms": 31.407414561187917, "median_tpot_ms": 32.195562311971045, "std_tpot_ms": 1.918617154133411, "p90_tpot_ms": 33.577672088514255, "p99_tpot_ms": 33.692712762267575, "mean_itl_ms": 30.447381759325676, "median_itl_ms": 31.906104646623135, "std_itl_ms": 7.14637836102522, "p95_itl_ms": 34.00186030194163, "p90_itl_ms": 33.745866641402245, "p99_itl_ms": 34.70654670149087, "concurrency": 48.37580469222173, "accept_length": null}
{"backend": "sglang", "dataset_name": "random-ids", "request_rate": Infinity, "max_concurrency": 185, "sharegpt_output_len": null, "random_input_len": 200, "random_output_len": 1000, "random_range_ratio": 0.9, "duration": 53.36970619298518, "completed": 80, "total_input_tokens": 15989, "total_output_tokens": 82586, "total_output_tokens_retokenized": 82147, "request_throughput": 1.4989777105146413, "input_throughput": 299.5894326677325, "output_throughput": 1547.4321650070272, "mean_e2e_latency_ms": 32136.69493224006, "median_e2e_latency_ms": 32559.31161530316, "std_e2e_latency_ms": 15090.679343107966, "p99_e2e_latency_ms": 53348.36685806513, "mean_ttft_ms": 745.7320379908197, "median_ttft_ms": 892.4227855168283, "std_ttft_ms": 194.0759516502087, "p90_ttft_ms": 925.6674488075078, "p99_ttft_ms": 964.0191798564045, "mean_tpot_ms": 31.37998060745463, "median_tpot_ms": 32.02192231558395, "std_tpot_ms": 1.868378119720824, "p90_tpot_ms": 33.202093810521745, "p99_tpot_ms": 34.5280312665671, "mean_itl_ms": 30.438608742755758, "median_itl_ms": 31.78025595843792, "std_itl_ms": 8.377100442238717, "p95_itl_ms": 33.78407163545489, "p90_itl_ms": 33.44157189130783, "p99_itl_ms": 34.23678331077099, "concurrency": 48.17218939303669, "accept_length": null}
{"backend": "sglang", "dataset_name": "random-ids", "request_rate": Infinity, "max_concurrency": 185, "sharegpt_output_len": null, "random_input_len": 200, "random_output_len": 1000, "random_range_ratio": 0.9, "duration": 52.46152911800891, "completed": 80, "total_input_tokens": 15989, "total_output_tokens": 82586, "total_output_tokens_retokenized": 82143, "request_throughput": 1.5249269578102658,